<?xml version="1.0" encoding="UTF-8"?>
<project xmlns="http://maven.apache.org/POM/4.0.0" xmlns:xsi="http://www.w3.org/2001/XMLSchema-instance" xsi:schemaLocation="http://maven.apache.org/POM/4.0.0 http://maven.apache.org/maven-v4_0_0.xsd">
  <parent>
    <artifactId>axiom-parent</artifactId>
    <groupId>org.apache.ws.commons.axiom</groupId>
    <version>1.2.14</version>
    <relativePath>../axiom-parent/pom.xml</relativePath>
  </parent>
  <modelVersion>4.0.0</modelVersion>
  <artifactId>axiom-all</artifactId>
  <name>Axiom Uber-JAR</name>
  <description>Combines all Axiom artifacts into a single one.</description>
  <url>http://ws.apache.org/axiom/</url>
  <scm>
    <connection>scm:svn:http://svn.apache.org/repos/asf/webservices/commons/tags/axiom/1.2.14/modules/axiom-all</connection>
    <developerConnection>scm:svn:https://svn.apache.org/repos/asf/webservices/commons/tags/axiom/1.2.14/modules/axiom-all</developerConnection>
    <url>http://svn.apache.org/viewvc/webservices/commons/tags/axiom/1.2.14/modules/axiom-all</url>
  </scm>
  <build>
    <plugins>
      <plugin>
        <artifactId>maven-shade-plugin</artifactId>
        <executions>
          <execution>
            <phase>package</phase>
            <goals>
              <goal>shade</goal>
            </goals>
            <configuration>
              <artifactSet>
                <includes>
                  <include>${project.groupId}:*</include>
                </includes>
              </artifactSet>
              <transformers>
                <transformer />
              </transformers>
            </configuration>
          </execution>
        </executions>
        <dependencies>
          <dependency>
            <groupId>${project.groupId}</groupId>
            <artifactId>axiom-buildutils</artifactId>
            <version>${project.version}</version>
          </dependency>
        </dependencies>
      </plugin>
      <plugin>
        <artifactId>maven-deploy-plugin</artifactId>
        <configuration>
          <skip>true</skip>
        </configuration>
      </plugin>
    </plugins>
  </build>
</project>

